Workbook

Sheet ItemBank
A1: ID | B1: Passage | C1: Question | D1: ChoiceA | E1: ChoiceB | F1: ChoiceC | G1: ChoiceD | H1: Correct | I1: Difficulty
A2: 1 | B2: Texto A | C2: Qual é a capital da França? | D2: Paris | E2: Londres | F2: Roma | G2: Berlim | H2: A | I2: Easy
A3: 2 | B3: Texto B | C3: 2 + 2 = ? | D3: 3 | E3: 4 | F3: 5 | G3: 6 | H3: B | I3: Easy
A4: 3 | B4: Texto C | C4: Quem descobriu o Brasil? | D4: Cabral | E4: Colombo | F4: Vespucci | G4: Magalhães | H4: A | I4: Medium
A5: 4 | B5: Texto D | C5: O Sol é uma... | D5: Estrela | E5: Galáxia | F5: Lua | G5: Nebulosa | H5: A | I5: Medium
A6: 5 | B6: Texto E | C6: Água é composta por... | D6: H2O | E6: CO2 | F6: O2 | G6: NaCl | H6: A | I6: Easy
A7: 6 | B7: Texto A | C7: Qual é a capital da França? | D7: Paris | E7: Londres | F7: Roma | G7: Berlim | H7: A | I7: Easy
A8: 7 | B8: Texto B | C8: 2 + 2 = ? | D8: 3 | E8: 4 | F8: 5 | G8: 6 | H8: B | I8: Easy
A9: 8 | B9: Texto C | C9: Quem descobriu o Brasil? | D9: Cabral | E9: Colombo | F9: Vespucci | G9: Magalhães | H9: A | I9: Medium
A10: 9 | B10: Texto D | C10: O Sol é uma... | D10: Estrela | E10: Galáxia | F10: Lua | G10: Nebulosa | H10: A | I10: Medium
A11: 10 | B11: Texto E | C11: Água é composta por... | D11: H2O | E11: CO2 | F11: O2 | G11: NaCl | H11: A | I11: Easy
A12: 11 | B12: Texto A | C12: Qual é a capital da França? | D12: Paris | E12: Londres | F12: Roma | G12: Berlim | H12: A | I12: Easy
A13: 12 | B13: Texto B | C13: 2 + 2 = ? | D13: 3 | E13: 4 | F13: 5 | G13: 6 | H13: B | I13: Easy
... A21: 20 | B21: Texto E | C21: Água é composta por... | D21: H2O | E21: CO2 | F21: O2 | G21: NaCl | H21: A | I21: Easy

Sheet Responses
A1: Student | B1: Item1 | C1: Item2 | D1: Item3 | E1: Item4 | F1: Item5 | G1: Total
A2: Aluno (Nome) 1 | B2: 1 | C2: 1 | D2: 1 | E2: 0 | F2: 1 | G2: 4
A3: Aluno (Nome) 2 | B3: 1 | C3: 0 | D3: 1 | E3: 1 | F3: 1 | G3: 4
A4: Aluno (Nome) 3 | B4: 0 | C4: 1 | D4: 1 | E4: 0 | F4: 1 | G4: 3
A5: Aluno (Nome) 4 | B5: 1 | C5: 1 | D5: 0 | E5: 1 | F5: 0 | G5: 3
A6: Aluno (Nome) 5 | B6: 1 | C6: 1 | D6: 0 | E6: 1 | F6: 1 | G6: 4
A7: Aluno (Nome) 6 | B7: 2 | C7: 1 | D7: 1 | E7: 0 | F7: 0 | G7: 4
A8: Aluno (Nome) 7 | B8: 1 | C8: 1 | D8: 1 | E8: 1 | F8: 1 | G8: 5
A9: Aluno (Nome) 8 | B9: 0 | C9: 0 | D9: 1 | E9: 0 | F9: 1 | G9: 2
A10: Aluno (Nome) 9 | B10: 1 | C10: 0 | D10: 0 | E10: 1 | F10: 1 | G10: 3
A11: Aluno (Nome) 10 | B11: 1 | C11: 1 | D11: 0 | E11: 1 | F11: 1 | G11: 4
A12: Aluno (Nome) 11 | B12: 1 | C12: 1 | D12: 1 | E12: 1 | F12: 1 | G12: 5
A13: Aluno (Nome) 12 | B13: 1 | C13: 0 | D13: 1 | E13: 1 | F13: 1 | G13: 4
... A21: Aluno (Nome) 20 | B21: 1 | C21: 1 | D21: 0 | E21: 1 | F21: 1 | G21: 4

Sheet Stats
A1: Metric | B1: Value
A2: Number_of_Items | B2: =COUNTA(ItemBank!A:A)-1 -> 20
A3: Participants | B3: =COUNTA(Responses!A:A)-1 -> 20
A4: Item | B4: p_value | C4: Discrimination | D4: Variance | E4: Aluno
A5: Item 1 | B5: =AVERAGE(Responses!B2:B6) -> 0.8 | C5: =CORREL(Responses!B2:B6,Responses!G2:G6) -> 0.61237244 | D5: =VAR.S(Responses!B2:B6) -> #NAME? | E5: =Responses!A2 -> Aluno (Nome) 1
A6: Item 2 | B6: =AVERAGE(Responses!C2:C6) -> 0.8 | C6: =CORREL(Responses!C2:C6,Responses!G2:G6) -> -0.40824829 | D6: =VAR.S(Responses!C2:C6) -> #NAME? | E6: =Responses!A3 -> Aluno (Nome) 2
A7: Item 3 | B7: =AVERAGE(Responses!D2:D6) -> 0.6 | C7: =CORREL(Responses!D2:D6,Responses!G2:G6) -> 0.16666667 | D7: =VAR.S(Responses!D2:D6) -> #NAME? | E7: =Responses!A4 -> Aluno (Nome) 3
A8: Item 4 | B8: =AVERAGE(Responses!E2:E6) -> 0.6 | C8: =CORREL(Responses!E2:E6,Responses!G2:G6) -> 0.16666667 | D8: =VAR.S(Responses!E2:E6) -> #NAME? | E8: =Responses!A5 -> Aluno (Nome) 4
A9: Item 5 | B9: =AVERAGE(Responses!F2:F6) -> 0.8 | C9: =CORREL(Responses!F2:F6,Responses!G2:G6) -> 0.61237244 | D9: =VAR.S(Responses!F2:F6) -> #NAME? | E9: =Responses!A6 -> Aluno (Nome) 5
A10: Item 6 | B10: =AVERAGE(Responses!B7:B11) -> 1 | C10: =CORREL(Responses!B7:B11,Responses!G7:G11) -> 0.62017367 | D10: =VAR.S(Responses!B7:B11) -> #NAME? | E10: =Responses!A7 -> Aluno (Nome) 6
A11: Item 7 | B11: =AVERAGE(Responses!C7:C11) -> 0.6 | C11: =CORREL(Responses!C7:C11,Responses!G7:G11) -> 0.88070485 | D11: =VAR.S(Responses!C7:C11) -> #NAME? | E11: =Responses!A8 -> Aluno (Nome) 7
A12: Item 8 | B12: =AVERAGE(Responses!D7:D11) -> 0.6 | C12: =CORREL(Responses!D7:D11,Responses!G7:G11) -> 0.080064077 | D12: =VAR.S(Responses!D7:D11) -> #NAME? | E12: =Responses!A9 -> Aluno (Nome) 8
A13: Item 9 | B13: =AVERAGE(Responses!E7:E11) -> 0.6 | C13: =CORREL(Responses!E7:E11,Responses!G7:G11) -> 0.48038446 | D13: =VAR.S(Responses!E7:E11) -> #NAME? | E13: =Responses!A10 -> Aluno (Nome) 9
A14: Item 10 | B14: =AVERAGE(Responses!F7:F11) -> 0.8 | C14: =CORREL(Responses!F7:F11,Responses!G7:G11) -> -0.19611614 | D14: =VAR.S(Responses!F7:F11) -> #NAME? | E14: =Responses!A11 -> Aluno (Nome) 10
A15: Item 1 | B15: =AVERAGE(Responses!B12:B16) -> 0.8 | C15: =CORREL(Responses!B12:B16,Responses!G12:G16) -> 0.79056942 | D15: =VAR.S(Responses!B12:B16) -> #NAME? | E15: =Responses!A12 -> Aluno (Nome) 11
A16: Item 2 | B16: =AVERAGE(Responses!C12:C16) -> 0.8 | C16: =CORREL(Responses!C12:C16,Responses!G12:G16) -> 0 | D16: =VAR.S(Responses!C12:C16) -> #NAME? | E16: =Responses!A13 -> Aluno (Nome) 12
A17: Item 3 | B17: =AVERAGE(Responses!D12:D16) -> 0.6 | C17: =CORREL(Responses!D12:D16,Responses!G12:G16) -> 0 | D17: =VAR.S(Responses!D12:D16) -> #NAME? | E17: =Responses!A14 -> Aluno (Nome) 13
A18: Item 4 | B18: =AVERAGE(Responses!E12:E16) -> 0.8 | C18: =CORREL(Responses!E12:E16,Responses!G12:G16) -> 0.79056942 | D18: =VAR.S(Responses!E12:E16) -> #NAME? | E18: =Responses!A15 -> Aluno (Nome) 14
A19: Item 5 | B19: =AVERAGE(Responses!F12:F16) -> 0.8 | C19: =CORREL(Responses!F12:F16,Responses!G12:G16) -> 0 | D19: =VAR.S(Responses!F12:F16) -> #NAME? | E19: =Responses!A16 -> Aluno (Nome) 15
A20: Item 6 | B20: =AVERAGE(Responses!B17:B21) -> 0.8 | C20: =CORREL(Responses!B17:B21,Responses!G17:G21) -> 0.95257934 | D20: =VAR.S(Responses!B17:B21) -> #NAME? | E20: =Responses!A17 -> Aluno (Nome) 16
A21: Item 7 | B21: =AVERAGE(Responses!C17:C21) -> 0.6 | C21: =CORREL(Responses!C17:C21,Responses!G17:G21) -> 0.72222222 | D21: =VAR.S(Responses!C17:C21) -> #NAME? | E21: =Responses!A18 -> Aluno (Nome) 17
A22: Item 8 | B22: =AVERAGE(Responses!D17:D21) -> 0.6 | C22: =CORREL(Responses!D17:D21,Responses!G17:G21) -> 0.72222222 | D22: =VAR.S(Responses!D17:D21) -> #NAME? | E22: =Responses!A19 -> Aluno (Nome) 18
A23: Item 9 | B23: =AVERAGE(Responses!E17:E21) -> 0.8 | C23: =CORREL(Responses!E17:E21,Responses!G17:G21) -> 0.95257934 | D23: =VAR.S(Responses!E17:E21) -> #NAME? | E23: =Responses!A20 -> Aluno (Nome) 19
A24: Item 10 | B24: =AVERAGE(Responses!F17:F21) -> 1 | C24: =CORREL(Responses!F17:F21,Responses!G17:G21) -> #DIV/0! | D24: =VAR.S(Responses!F17:F21) -> #NAME? | E24: =Responses!A21 -> Aluno (Nome) 20
A25: Cronbach_Alpha | B25: =(5/(5-1))*(1 - (SUM(VARIANCE(Responses!B2:B6),VARIANCE(Responses!C2:C6),VARIANCE(Responses!D2:D6),VARIANCE(Responses!E2:E6),VARIANCE(Responses!F2:F6))/VAR.S(Responses!B2:F6)) ) -> #NAME?

Sheet Help
A1: INSTRUÇÕES: - ItemBank contém 5 itens de exemplo. - Responses traz 5 estudantes fictícios com respostas 1/0. - Stats calcula p-value, discriminação, variância e alfa de Cronbach. - Você pode editar itens ou respostas livremente.
A4: References
A5: O Coeficiente Alfa de Cronbach (α ) é uma medida comumente utilizada de confiabilidade (ou seja, a avaliação da consistência interna dos questionários) para um conjunto de dois ou mais indicadores de construto (BLAND; ALTMAN, 1997).
A7: TABELA ItemBank
A8: OBS: Para inserrir linhas basta copiar células de cima (par manter o padrão ) e colar abaixo na
A9: (nas linhas abaixo) e ir com a direita nas linhas que quer (antes ir nas superiores e copiar)
A10: e colar abaixo. Tem também de ajustar a tabela responses, portanto,
A11: deverá, e também na tabela Stats.
A13: TABELA Responses
A14: OBS: Para inserrir linhas basta copiar células de cima (par manter o padrão ) e colar abaixo na
A15: (nas linhas abaixo) e ir com a direita nas linhas que quer (antes ir nas superiores e copiar)
A16: e colar abaixo. Tem também de ajustar a Tabela itenBank, portanto,
... A24: questões ao ìtemBank a partir da ultima linha
