Workbook

Sheet ItemBank
A1: ID | B1: Passage | C1: Question | D1: ChoiceA | E1: ChoiceB | F1: ChoiceC | G1: ChoiceD | H1: Correct | I1: Difficulty
A2: 1 | B2: Texto A | C2: Qual é a capital da França? | D2: Paris | E2: Londres | F2: Roma | G2: Berlim | H2: A | I2: Easy
A3: 2 | B3: Texto B | C3: 2 + 2 = ? | D3: 3 | E3: 4 | F3: 5 | G3: 6 | H3: B | I3: Easy
A4: 3 | B4: Texto C | C4: Quem descobriu o Brasil? | D4: Cabral | E4: Colombo | F4: Vespucci | G4: Magalhães | H4: A | I4: Medium
A5: 4 | B5: Texto D | C5: O Sol é uma... | D5: Estrela | E5: Galáxia | F5: Lua | G5: Nebulosa | H5: A | I5: Medium
A6: 5 | B6: Texto E | C6: Água é composta por... | D6: H2O | E6: CO2 | F6: O2 | G6: NaCl | H6: A | I6: Easy
A7: 6 | B7: Texto A | C7: Qual é a capital da França? | D7: Paris | E7: Londres | F7: Roma | G7: Berlim | H7: A | I7: Easy
A8: 7 | B8: Texto B | C8: 2 + 2 = ? | D8: 3 | E8: 4 | F8: 5 | G8: 6 | H8: B | I8: Easy
A9: 8 | B9: Texto C | C9: Quem descobriu o Brasil? | D9: Cabral | E9: Colombo | F9: Vespucci | G9: Magalhães | H9: A | I9: Medium
A10: 9 | B10: Texto D | C10: O Sol é uma... | D10: Estrela | E10: Galáxia | F10: Lua | G10: Nebulosa | H10: A | I10: Medium
A11: 10 | B11: Texto E | C11: Água é composta por... | D11: H2O | E11: CO2 | F11: O2 | G11: NaCl | H11: A | I11: Easy
A12: 11 | B12: Texto A | C12: Qual é a capital da França? | D12: Paris | E12: Londres | F12: Roma | G12: Berlim | H12: A | I12: Easy
A13: 12 | B13: Texto B | C13: 2 + 2 = ? | D13: 3 | E13: 4 | F13: 5 | G13: 6 | H13: B | I13: Easy
... A21: 20 | B21: Texto E | C21: Água é composta por... | D21: H2O | E21: CO2 | F21: O2 | G21: NaCl | H21: A | I21: Easy

Sheet Responses
A1: Student | B1: Item1 | C1: Item2 | D1: Item3 | E1: Item4 | F1: Item5 | G1: Item6 | H1: Item7 | I1: Item8 | J1: Item9 | K1: Item10 | L1: Item11 | M1: Item12 | N1: Item13 | O1: Item14 | P1: Item15 | Q1: Item16 | R1: Item17 | S1: Item18 | T1: Item19 | U1: Item20
A2: Aluno (Nome) 1 | B2: 3 | C2: 1 | D2: 1 | E2: 2 | F2: 3 | G2: 4 | H2: 4 | I2: 3 | J2: 1 | K2: 5 | L2: 2 | M2: 1 | N2: 1 | O2: 2 | P2: 4 | Q2: 5 | R2: 3 | S2: 4 | T2: 4 | U2: 4
A3: Aluno (Nome) 2 | B3: 1 | C3: 2 | D3: 4 | E3: 5 | F3: 4 | G3: 5 | H3: 5 | I3: 3 | J3: 1 | K3: 4 | L3: 4 | M3: 3 | N3: 5 | O3: 1 | P3: 1 | Q3: 4 | R3: 3 | S3: 5 | T3: 1 | U3: 5
A4: Aluno (Nome) 3 | B4: 4 | C4: 4 | D4: 5 | E4: 4 | F4: 5 | G4: 1 | H4: 1 | I4: 3 | J4: 1 | K4: 5 | L4: 2 | M4: 2 | N4: 4 | O4: 3 | P4: 5 | Q4: 4 | R4: 1 | S4: 2 | T4: 4 | U4: 2
A5: Aluno (Nome) 4 | B5: 2 | C5: 5 | D5: 1 | E5: 5 | F5: 5 | G5: 5 | H5: 1 | I5: 1 | J5: 2 | K5: 5 | L5: 4 | M5: 5 | N5: 1 | O5: 1 | P5: 1 | Q5: 2 | R5: 5 | S5: 5 | T5: 4 | U5: 4
A6: Aluno (Nome) 5 | B6: 5 | C6: 3 | D6: 4 | E6: 4 | F6: 4 | G6: 3 | H6: 2 | I6: 5 | J6: 5 | K6: 4 | L6: 3 | M6: 4 | N6: 4 | O6: 1 | P6: 4 | Q6: 1 | R6: 3 | S6: 1 | T6: 4 | U6: 1
A7: Aluno (Nome) 6 | B7: 3 | C7: 4 | D7: 4 | E7: 3 | F7: 4 | G7: 2 | H7: 2 | I7: 2 | J7: 2 | K7: 4 | L7: 3 | M7: 4 | N7: 1 | O7: 3 | P7: 5 | Q7: 3 | R7: 2 | S7: 5 | T7: 1 | U7: 2
A8: Aluno (Nome) 7 | B8: 3 | C8: 3 | D8: 2 | E8: 4 | F8: 1 | G8: 1 | H8: 5 | I8: 5 | J8: 3 | K8: 2 | L8: 5 | M8: 3 | N8: 5 | O8: 3 | P8: 5 | Q8: 5 | R8: 3 | S8: 3 | T8: 4 | U8: 2
A9: Aluno (Nome) 8 | B9: 4 | C9: 3 | D9: 1 | E9: 2 | F9: 1 | G9: 2 | H9: 1 | I9: 4 | J9: 2 | K9: 2 | L9: 1 | M9: 4 | N9: 3 | O9: 2 | P9: 1 | Q9: 4 | R9: 3 | S9: 5 | T9: 5 | U9: 2
A10: Aluno (Nome) 9 | B10: 3 | C10: 1 | D10: 4 | E10: 2 | F10: 2 | G10: 3 | H10: 2 | I10: 5 | J10: 5 | K10: 2 | L10: 5 | M10: 3 | N10: 1 | O10: 1 | P10: 2 | Q10: 4 | R10: 2 | S10: 5 | T10: 5 | U10: 1
A11: Aluno (Nome) 10 | B11: 3 | C11: 3 | D11: 5 | E11: 2 | F11: 1 | G11: 4 | H11: 5 | I11: 2 | J11: 4 | K11: 3 | L11: 3 | M11: 3 | N11: 4 | O11: 5 | P11: 5 | Q11: 1 | R11: 2 | S11: 1 | T11: 4 | U11: 1
A12: Aluno (Nome) 11 | B12: 2 | C12: 4 | D12: 1 | E12: 1 | F12: 4 | G12: 1 | H12: 3 | I12: 2 | J12: 2 | K12: 5 | L12: 1 | M12: 4 | N12: 5 | O12: 1 | P12: 3 | Q12: 3 | R12: 3 | S12: 2 | T12: 5 | U12: 3
A13: Aluno (Nome) 12 | B13: 1 | C13: 3 | D13: 5 | E13: 3 | F13: 3 | G13: 2 | H13: 4 | I13: 1 | J13: 4 | K13: 2 | L13: 1 | M13: 5 | N13: 2 | O13: 2 | P13: 5 | Q13: 2 | R13: 4 | S13: 5 | T13: 2 | U13: 3
... A21: Aluno (Nome) 20 | B21: 5 | C21: 5 | D21: 1 | E21: 4 | F21: 4 | G21: 2 | H21: 2 | I21: 2 | J21: 2 | K21: 5 | L21: 4 | M21: 5 | N21: 2 | O21: 3 | P21: 2 | Q21: 1 | R21: 5 | S21: 4 | T21: 5 | U21: 5

Sheet Stats
A1: Metric | B1: Value
A2: Number_of_Items | B2: =COUNTA(ItemBank!A:A)-1 -> 20
A3: Participants | B3: =COUNTA(Responses!A:A)-1 -> 20
A4: Item | B4: p_value | C4: Discrimination | D4: Variance
A5: Item 1 | B5: =AVERAGE(Responses!B2:B6) -> 3 | C5: =CORREL(Responses!B2:B6,Responses!G2:G6) -> -0.75592895 | D5: =VAR.S(Responses!B2:B6) -> #NAME?
A6: Item 2 | B6: =AVERAGE(Responses!C2:C6) -> 3 | C6: =CORREL(Responses!C2:C6,Responses!G2:G6) -> -0.18898224 | D6: =VAR.S(Responses!C2:C6) -> #NAME?
A7: Item 3 | B7: =AVERAGE(Responses!D2:D6) -> 3 | C7: =CORREL(Responses!D2:D6,Responses!G2:G6) -> -0.63887656 | D7: =VAR.S(Responses!D2:D6) -> #NAME?
A8: Item 4 | B8: =AVERAGE(Responses!E2:E6) -> 4 | C8: =CORREL(Responses!E2:E6,Responses!G2:G6) -> 0.24397502 | D8: =VAR.S(Responses!E2:E6) -> #NAME?
A9: Item 5 | B9: =AVERAGE(Responses!F2:F6) -> 4.2 | C9: =CORREL(Responses!F2:F6,Responses!G2:G6) -> -0.28571429 | D9: =VAR.S(Responses!F2:F6) -> #NAME?
A10: Item 6 | B10: =AVERAGE(Responses!B7:B11) -> 3.2 | C10: =CORREL(Responses!B7:B11,Responses!G7:G11) -> -0.19611614 | D10: =VAR.S(Responses!B7:B11) -> #NAME?
A11: Item 7 | B11: =AVERAGE(Responses!C7:C11) -> 2.8 | C11: =CORREL(Responses!C7:C11,Responses!G7:G11) -> -0.32025631 | D11: =VAR.S(Responses!C7:C11) -> #NAME?
A12: Item 8 | B12: =AVERAGE(Responses!D7:D11) -> 3.2 | C12: =CORREL(Responses!D7:D11,Responses!G7:G11) -> 0.74726472 | D12: =VAR.S(Responses!D7:D11) -> #NAME?
A13: Item 9 | B13: =AVERAGE(Responses!E7:E11) -> 2.6 | C13: =CORREL(Responses!E7:E11,Responses!G7:G11) -> -0.78446454 | D13: =VAR.S(Responses!E7:E11) -> #NAME?
A14: Item 10 | B14: =AVERAGE(Responses!F7:F11) -> 1.8 | C14: =CORREL(Responses!F7:F11,Responses!G7:G11) -> -0.10090092 | D14: =VAR.S(Responses!F7:F11) -> #NAME?
A15: Item 11 | B15: =AVERAGE(Responses!B12:B16) -> 1.6 | C15: =CORREL(Responses!B12:B16,Responses!G12:G16) -> 0.61237244 | D15: =VAR.S(Responses!B12:B16) -> #NAME?
A16: Item 12 | B16: =AVERAGE(Responses!C12:C16) -> 3.8 | C16: =CORREL(Responses!C12:C16,Responses!G12:G16) -> -0.49099025 | D16: =VAR.S(Responses!C12:C16) -> #NAME?
A17: Item 13 | B17: =AVERAGE(Responses!D12:D16) -> 2 | C17: =CORREL(Responses!D12:D16,Responses!G12:G16) -> -0.13176157 | D17: =VAR.S(Responses!D12:D16) -> #NAME?
A18: Item 14 | B18: =AVERAGE(Responses!E12:E16) -> 2.6 | C18: =CORREL(Responses!E12:E16,Responses!G12:G16) -> 0.66212219 | D18: =VAR.S(Responses!E12:E16) -> #NAME?
A19: Item 15 | B19: =AVERAGE(Responses!F12:F16) -> 2.2 | C19: =CORREL(Responses!F12:F16,Responses!G12:G16) -> -0.73514704 | D19: =VAR.S(Responses!F12:F16) -> #NAME?
A20: Item 16 | B20: =AVERAGE(Responses!B17:B21) -> 3.2 | C20: =CORREL(Responses!B17:B21,Responses!G17:G21) -> 0.049029034 | D20: =VAR.S(Responses!B17:B21) -> #NAME?
A21: Item 17 | B21: =AVERAGE(Responses!C17:C21) -> 2.8 | C21: =CORREL(Responses!C17:C21,Responses!G17:G21) -> -0.042796049 | D21: =VAR.S(Responses!C17:C21) -> #NAME?
A22: Item 18 | B22: =AVERAGE(Responses!D17:D21) -> 2.8 | C22: =CORREL(Responses!D17:D21,Responses!G17:G21) -> 0.26906912 | D22: =VAR.S(Responses!D17:D21) -> #NAME?
A23: Item 19 | B23: =AVERAGE(Responses!E17:E21) -> 3.4 | C23: =CORREL(Responses!E17:E21,Responses!G17:G21) -> -0.60723068 | D23: =VAR.S(Responses!E17:E21) -> #NAME?
A24: Item 20 | B24: =AVERAGE(Responses!F17:F21) -> 4 | C24: =CORREL(Responses!F17:F21,Responses!G17:G21) -> 0.53708616 | D24: =VAR.S(Responses!F17:F21) -> #NAME?
A25: Cronbach_Alpha | B25: =(5/(5-1))*(1 - (SUM(VARIANCE(Responses!B2:B6),VARIANCE(Responses!C2:C6),VARIANCE(Responses!D2:D6),VARIANCE(Responses!E2:E6),VARIANCE(Responses!F2:F6))/VAR.S(Responses!B2:F6)) ) -> #NAME?

Sheet Help
A1: INSTRUÇÕES: - ItemBank contém 5 itens de exemplo. - Responses traz 5 estudantes fictícios com respostas 1/0. - Stats calcula p-value, discriminação, variância e alfa de Cronbach. - Você pode editar itens ou respostas livremente.
A4: References
A5: O Coeficiente Alfa de Cronbach (α ) é uma medida comumente utilizada de confiabilidade (ou seja, a avaliação da consistência interna dos questionários) para um conjunto de dois ou mais indicadores de construto (BLAND; ALTMAN, 1997).
